Frame,Time,Source,DeviceName,RSSI,Tx Power,PDU Type,Company
1,0.000000000,72:b8:f4:df:ca:07,TestPhone4,-43,8,0,76
2,0.000519000,72:b8:f4:df:ca:07,,-73,,3,
3,0.006277700,62:5e:37:51:ef:21,,-55,12,0,76
4,0.017864600,64:16:7f:b8:7c:cc,,-54,,0,76
5,0.023362300,24:93:90:41:50:c0,,-69,,2,6
6,0.033752100,72:b8:f4:df:ca:07,TestPhone4,-43,8,0,76
7,0.047107600,0b:e9:ad:c4:61:0d,,-75,,2,6
8,0.052528900,54:f1:84:69:2e:94,,-78,,0,76
9,0.053698500,0a:bf:e2:3f:db:8f,,-66,,2,6
10,0.066445200,0b:fa:61:e5:74:0c,,-60,,2,6
11,0.067282300,61:21:c4:f7:2c:a9,TestPhone1,-63,8,0,76
12,0.072503000,72:b8:f4:df:ca:07,TestPhone4,-42,8,0,76
13,0.076483400,47:ee:6f:13:89:a8,TestPhone2,-51,8,0,76
14,0.093262400,31:db:62:df:06:a8,,-67,,2,6
15,0.099990200,c8:d0:83:be:6a:03,,-79,12,0,76
16,0.103532700,61:21:c4:f7:2c:a9,TestPhw\r`»,-40,8,0,
17,0.111482300,47:ee:6f:13:89:a8,TestPhone2,-50,8,0,76
18,0.126487100,24:93:90:41:50:c0,,-70,,2,6
19,0.129176900,c8:d0:83:cb:11:9e,,-77,12,0,76
20,0.131173100,21:d5:79:0b:d0:12,,-76,,2,6
21,0.133533200,61:21:c4:f7:2c:a9,,-72,,0,
22,0.135004500,72:b8:f4:df:ca:07,TestPhone4,-43,8,0,76
23,0.141424700,21:d4:6d:da:f9:c2,,-75,,2,6
24,0.147713500,68:cc:0d:e0:7b:be,TestPhone3,-50,8,0,76
25,0.151482600,0b:e9:ad:c4:61:0d,,-75,,2,6
26,0.157488400,17:71:6e:7d:f9:7e,,-79,,2,76
27,0.160573300,0a:bf:e2:3f:db:8f,,-68,,2,6
28,0.168319700,0b:fa:61:e5:74:0c,,-61,,2,6
29,0.170621000,52:74:37:f2:60:ea,,-84,,6,
30,0.173756100,72:b8:f4:df:ca:07,TestPhone4,-42,8,0,76
31,0.174275500,72:b8:f4:df:ca:07,,-75,,3,
32,0.175232500,47:ee:6f:13:89:a8,TestPhone2,-50,8,0,76
33,0.177713000,68:cc:0d:e0:7b:be,TestPhone3,-50,8,0,76
34,0.202282300,,,-65,,13,
35,0.208615600,2b:a1:a3:e7:f7:aa,,-86,,2,6
36,0.231797400,21:d5:79:0b:d0:12,,-76,,2,6
37,0.233783900,54:f1:84:69:2e:94,,-77,,0,76
38,0.237283500,61:21:c4:f7:2c:a9,TestPhone1,-66,8,0,76
39,0.238981200,47:ee:6f:13:89:a8,TestPhone2,-48,8,0,76
40,0.241463500,68:cc:0d:e0:7b:be,TestPhone3,-50,8,0,76
41,0.241982200,68:cc:0d:e0:7b:be,,-75,,3,
42,0.242308400,68:cc:0d:e0:7b:be,,-50,,4,
43,0.245799500,21:d4:6d:da:f9:c2,,-75,,2,6
44,0.251482900,0b:e9:ad:c4:61:0d,,-75,,2,6
45,0.252505500,72:b8:f4:df:ca:07,TestPhone4,-42,8,0,76
46,0.268981300,47:ee:6f:13:89:a8,TestPhone2,-46,8,0,76
47,0.269948400,0a:bf:e2:3f:db:8f,,-67,,2,6
48,0.276284400,62:5e:37:51:ef:21,,-46,12,0,18508
49,0.282507900,72:b8:f4:df:ca:07,TestPhone4,-42,8,0,76
50,0.302637900,31:db:62:df:06:a8,,-68,,2,6
51,0.311667400,c8:d0:83:cb:11:9e,,-75,12,0,76
52,0.315007400,72:b8:f4:df:ca:07,TestPhone4,-42,8,0,76
53,0.315525700,72:b8:f4:df:ca:07,,-75,,3,
54,0.315852100,72:b8:f4:df:ca:07,,-42,,4,
55,0.335862600,24:93:90:41:50:c0,,-70,,2,6
56,0.338534100,,,-69,,9,
57,0.339986600,17:71:6e:7d:f9:7e,,-79,,2,76
58,0.340546700,21:d5:79:0b:d0:12,,-75,,2,6
59,0.345008400,72:b8:f4:df:ca:07,TestPhone4,-42,8,0,76
60,0.346464500,68:cc:0d:e0:7b:be,TestPhone3,-47,8,0,76
61,0.350799100,21:d4:6d:da:f9:c2,,-72,,2,6
62,0.359608300,0b:e9:ad:c4:61:0d,,-75,,2,6
63,0.370404400,46:77:21:38:0a:18,,-81,12,0,76
64,0.371480900,47:ee:6f:13:89:a8,TestPhone2,-48,8,0,76
65,0.376445600,0b:fa:61:e5:74:0c,,-61,,2,6
66,0.382508600,72:b8:f4:df:ca:07,TestPhone4,-42,8,0,76
67,0.383963100,68:cc:0d:e0:7b:be,TestPhone3,-47,8,0,76
68,0.398117600,64:16:7f:b8:71:ef,,-30,,0,76
69,0.405231100,47:ee:6f:13:89:a8,TestPhone2,-50,8,0,76
70,0.406388000,31:db:62:df:06:a8,,-70,,2,6
71,0.411032900,61:21:44:f7:2c:a9,TestPhone1,-72,8,0,76
72,0.416282500,54:f1:84:69:2e:94,,-78,,0,76
73,0.418963100,68:cc:0d:e0:7b:be,TestPhone3,-49,8,0,76
74,0.419482700,68:cc:0d:e0:7b:be,,-76,,3,
75,0.423613600,23:05:a7:e7:e7:aa,,-85,,2,6
76,0.435862600,24:93:90:41:50:c0,,-70,,2,6
77,0.441481000,47:ee:6f:13:89:a8,TestPhone2,-50,8,0,76
78,0.443118400,52:74:35:d2:60:ea,,-85,,0,16460
79,0.443533500,61:21:c4:f7:2c:a9,TestPhone1,-67,8,0,76
80,0.448670900,21:d5:79:0b:d0:12,,-76,,2,6
81,0.452510000,72:b8:f4:df:ca:07,TestPhone4,-43,8,0,76
82,0.455213500,68:cc:0d:e0:7b:be,TestPhone3,-49,8,0,76
83,0.464608600,0b:e9:ad:c4:61:0d,,-76,,2,6
84,0.465412300,09:42:39:91:98:5f,,-75,,2,76
85,0.467477000,c8:d0:83:be:6a:03,,-79,12,0,76
86,0.468218100,c8:d0:83:be:6a:03,,-80,,4,
87,0.471480900,47:ee:6f:13:89:a8,TestPhone2,-51,8,0,76
88,0.472447700,0a:bf:e2:3f:db:8f,,-66,,2,6
89,0.477071200,0b:fa:61:e5:74:0c,,-61,,2,6
90,0.478324400,71:5d:40:ed:33:5b,,-76,,3,
91,0.479782100,61:21:c4:f7:2c:a9,TestPhone1,-67,8,0,76
92,0.488760400,72:b8:f4:df:ca:07,TestPhone4,-43,8,0,76
93,0.495414200,c8:d0:83:cb:11:9e,,-75,12,0,76
94,0.503980900,47:ee:6f:13:89:a8,TestPhone2,-50,8,0,76
95,0.508887500,31:db:62:df:06:a8,,-70,,2,6
96,0.509783700,61:21:c4:f7:2c:a9,TestPhone1,-66,8,0,76
97,0.521227400,17:71:6e:7d:f9:7e,,-79,,2,76
98,0.540230500,47:ee:6f:13:89:a8,TestPhone2,-50,8,0,76
99,0.540749000,47:ee:6f:13:89:a8,,-76,,3,
100,0.541032500,,,-49,,12,
101,0.542737600,24:93:90:41:50:c0,,-68,,2,6
102,0.548790600,62:5e:37:51:ef:21,,-52,12,0,76
103,0.555798300,21:d4:6d:da:f9:c2,,-76,,2,6
104,0.560012400,72:b8:f4:df:ca:07,TestPhone4,-44,8,0,76
105,0.572715600,68:cc:0d:e0:7b:be,TestPhone3,-49,8,0,76
106,0.575231600,47:ee:6f:13:89:a8,TestPhone2,-50,8,0,76
107,0.575751500,47:ee:6f:13:89:a8,,-76,,3,
108,0.576077300,47:ee:6f:13:89:a8,,-50,,4,
109,0.580572200,0a:bf:e2:3f:db:8f,,-66,,2,6
110,0.581033900,61:21:c4:f7:2c:a9,TestPhone1,-64,8,0,76
111,0.598763900,72:b8:f4:df:ca:07,TestPhone4,-44,8,0,76
112,0.601287500,54:f1:84:69:2e:94,,-77,,0,76
113,0.608887600,31:db:62:df:06:a8,,-70,,2,6
114,0.628763400,72:b8:f4:df:ca:07,TestPhone4,-43,8,0,76
115,0.629282000,72:b8:f4:df:ca:07,,-76,,3,
116,0.629608600,72:b8:f4:df:ca:07,,-43,,4,
117,0.632986500,23:05:a7:e7:e7:aa,,-86,,2,6
118,0.635216500,68:cc:0d:e0:7b:be,TestPhone3,-49,8,0,76
119,0.640403900,46:77:21:38:0a:18,,-81,12,0,8268
120,0.642283400,61:21:c4:f7:2c:a9,TestPhone1,-64,8,0,76
121,0.643363500,24:93:90:41:50:c0,,-70,,2,6
122,0.647908000,09:42:39:91:98:5f,,-76,,2,76
123,0.649919100,21:d5:79:0b:d0:12,,-76,,2,6
124,0.652475700,c8:d0:83:be:6a:03,,-79,12,0,76
125,0.660013900,72:b8:f4:df:ca:07,TestPhone4,-42,8,0,76
126,0.661423200,21:d4:6d:da:f9:c2,,-75,,2,6
127,0.672283100,61:21:c4:f7:2c:a9,TestPhone1,-64,8,0,76
128,0.672734200,0b:e9:ad:c4:61:0d,,-75,,2,6
129,0.679163400,c8:d0:83:cb:11:9e,,-76,12,0,76
130,0.681480000,47:ee:6f:13:89:a8,TestPhone2,-50,8,0,76
131,0.683946400,0b:fa:61:e5:74:0c,,-61,,2,6
132,0.700016400,72:b8:f4:df:ca:07,TestPhone4,-42,8,0,76
133,0.700535600,72:b8:f4:df:ca:07,,-75,,3,
134,0.700862500,72:b8:f4:df:ca:07,,-42,,4,
135,0.702475100,17:71:6e:7d:f9:7e,,-79,,2,76
136,0.706031300,61:21:c4:f7:2c:a9,TestPhone1,-65,8,0,76
137,0.712729100,47:ee:6f:13:89:a8,TestPhone2,-50,8,0,76
138,0.715619500,52:74:35:d2:60:ea,,-85,,0,
139,0.718262400,31:db:62:df:06:a8,,-70,,2,6
140,0.734235900,21:05:97:e7:f3:ae,,-85,,2,
141,0.740016600,72:b8:f4:df:ca:07,TestPhone4,-41,8,0,76
142,0.743978600,47:ee:6f:13:89:a8,TestPhone2,-50,8,0,76
143,0.744781100,61:21:c4:f7:2c:a9,TestPhone1,-66,8,0,76
144,0.745238400,24:93:90:41:50:c0,,-71,,2,6
145,0.746466400,68:cc:0d:e0:7b:be,TestPhone3,-46,8,0,76
146,0.747312700,68:cc:0d:e0:7b:be,,-46,,4,
147,0.750828100,00:28:f8:47:5c:38,,-81,,2,
148,0.751793600,21:d5:79:0b:d0:12,,-75,,2,6
149,0.769547800,21:d4:6d:da:f9:c2,,-76,,2,6
150,0.771266800,72:b8:f4:df:ca:07,TestPhone4,-41,8,0,76
151,0.775228500,47:ee:6f:13:89:a8,TestPhone2,-51,8,0,76
152,0.775859600,0b:e9:ad:c4:61:0d,,-77,,2,6
153,0.781031200,61:21:c4:f7:2c:a9,TestPhone1,-67,8,0,76
154,0.792071400,0b:fa:61:e5:74:0c,,-61,,2,6
155,0.793071600,0a:bf:e2:3f:db:8f,,-67,,2,6
156,0.805228900,47:ee:6f:13:89:a8,TestPhone2,-52,8,0,76
157,0.805747300,47:ee:6f:13:89:a8,,-76,,3,
158,0.821467000,68:cc:0d:e0:7b:be,TestPhone3,-49,8,0,76
159,0.822533000,62:5e:37:51:ef:21,,-54,12,0,76
160,0.832904400,09:42:39:91:98:5f,,-76,,2,76
161,0.834969100,c8:d0:83:be:6a:03,,-81,12,0,76
162,0.837985500,23:05:a7:67:f1:2a,,-84,,2,6
163,0.840228100,47:ee:6f:13:89:a8,TestPhone2,-51,8,0,76
164,0.842281400,61:21:c4:f7:2c:a9,TestPhoni-,-40,8,0,
165,0.851793000,21:d5:79:0b:d0:12,,-70,,2,6
166,0.857716000,68:cc:0d:e0:7b:be,TestPhone3,-47,8,0,76
167,0.864155400,c8:d0:83:cb:11:9e,,-76,12,0,76
168,0.875797400,21:d4:6d:da:f9:c2,,-75,,2,6
169,0.877728300,47:ee:6f:13:89:a8,TestPhone2,-50,8,0,76
170,0.881484700,0b:e9:ad:c4:61:0d,,-75,,2,6
171,0.882230600,64:16:7f:4f:5e:91,,-82,,0,76
172,0.882516700,72:b8:f4:df:ca:07,TestPhone4,-41,8,0,76
173,0.884971600,17:71:6e:7d:f9:7e,,-81,,2,76
174,0.895822000,0b:fa:61:e5:74:0c,,-61,,2,6
175,0.900571400,0a:bf:e2:3f:db:8f,,-66,,2,6
176,0.918768400,72:b8:f4:df:ca:07,TestPhone4,-41,8,0,76
177,0.927716300,68:cc:0d:e0:7b:be,TestPhone3,-49,8,0,76
178,0.947281400,61:21:c4:f7:2c:a9,TestPhone1,-65,8,0,76
179,0.948768500,72:b8:f4:df:ca:07,TestPhone4,-41,8,0,76
180,0.951478600,47:ee:6f:13:89:a8,TestPhone2,-51,8,0,76
181,0.958042000,21:d5:79:0b:d0:12,,-76,,2,6
182,0.960238000,24:93:90:41:50:c0,,-72,,2,6
183,0.966291100,54:f1:84:69:2e:94,,-79,,0,76
184,0.983769900,72:b8:f4:df:ca:07,TestPhone4,-38,8,0,76
185,0.984547100,21:d4:6d:da:f9:c2,,-75,,2,6
186,0.985616300,52:74:35:d2:60:ea,,-83,,0,
187,0.986032400,61:21:c4:f7:2c:a9,TestPhone1,-65,8,0,76
188,0.987735300,0b:e9:ad:c4:61:0d,,-77,,2,6
189,1.000216400,68:cc:0d:e0:7b:be,TestPhone3,-48,8,0,76
190,1.004945700,0a:bf:e2:3f:db:8f,,-67,,2,6
191,1.015399500,09:42:39:91:98:5f,,-76,,2,76
192,1.018716300,48:d0:83:be:6a:03,,-51,12,0,76
193,1.019496800,47:ee:6f:13:89:a8,,-81,,3,
194,1.022639000,31:db:62:df:06:a8,,-69,,2,6
195,1.023531200,61:21:c4:f7:2c:a9,TestPhon,-39,8,0,
196,1.037715300,68:cc:0d:e0:7b:be,TestPhone3,-49,8,0,76
197,1.049858800,23:05:a7:e3:f7:2a,,-84,,2,6
198,1.050402700,c8:d0:83:cb:11:9e,,-76,12,0,76
199,1.055021600,72:b8:f4:df:ca:07,TestPhone4,-37,8,0,76
200,1.059290900,21:d5:79:0b:d0:12,,-75,,2,6
201,1.062282100,61:21:c4:f7:2c:a9,TestPhone1,-65,8,0,76
202,1.067739500,24:93:90:41:50:c0,,-72,,2,6
203,1.069959500,17:71:6e:7d:f9:7e,,-80,,2,
204,1.087672000,21:d4:6d:da:f9:c2,,-73,,2,6
205,1.093980300,47:ee:6f:13:89:a8,TestPhone2,-52,8,0,76
206,1.096283100,62:5e:37:51:ef:21,,-52,12,0,76
207,1.106448600,0b:fa:61:e5:74:0c,,-60,,2,6
208,1.108964900,68:cc:0d:e0:7b:be,TestPhone3,-49,8,0,76
209,1.113695400,0a:bf:e2:3f:db:8f,,-66,,2,6
210,1.123979100,47:ee:6f:13:89:a8,TestPhone2,-52,8,0,76
211,1.124513400,31:db:62:df:06:a8,,-70,,2,6
212,1.126031200,61:21:c4:f7:2c:a9,TestPhone1,-68,8,0,76
213,1.151292900,54:f1:84:69:2e:94,,-79,,0,76
214,1.157729800,47:ee:6f:13:89:a8,TestPhone2,-53,8,0,76
215,1.160023300,72:b8:f4:df:ca:07,TestPhone4,-39,8,0,76
216,1.161165500,21:d5:79:0b:d0:12,,-75,,2,6
217,1.172114300,24:93:90:41:50:c0,,-70,,2,6
218,1.182902800,46:77:21:38:0a:18,,-81,12,0,76
219,1.183965400,68:cc:0d:e0:7b:be,TestPhone3,-49,8,0,76
220,1.187730600,47:ee:6f:13:89:a8,TestPhone2,-53,8,0,76
221,1.195025800,72:b8:f4:df:ca:07,TestPhone4,-40,8,0,76
222,1.196421500,21:d4:6d:da:f9:c2,,-70,,2,6
223,1.199954800,c8:d0:83:be:6a:03,,-81,12,0,76
224,1.209574500,0b:fa:61:e5:74:0c,,-62,,2,6
225,1.228070100,0a:bf:e2:3f:db:8f,,-66,,2,6
226,1.231388700,31:db:62:df:06:a8,,-70,,2,6
227,1.232280600,61:21:c4:f7:2c:a9,TestPhone1,-63,8,0,76
228,1.232894800,c8:d0:83:cb:11:9e,,-76,12,0,76
229,1.233776100,72:b8:f4:df:ca:07,TestPhone4,-39,8,0,76
230,1.251205900,17:71:6e:7d:f9:7e,,-81,,2,76
231,1.257729400,47:ee:6f:13:89:a8,TestPhone2,-54,8,0,76
232,1.263040600,21:d5:79:0b:d0:12,,-76,,2,6
233,1.269781000,61:21:c4:f7:2c:a9,TestPhone1,-63,8,0,76
234,1.272528400,72:b8:f4:df:ca:07,TestPhone4,-39,8,0,76
235,1.280238900,24:93:90:41:50:c0,,-70,,2,6
236,1.288980700,47:ee:6f:13:89:a8,TestPhone2,-54,8,0,76
237,1.291465600,68:cc:0d:e0:7b:be,TestPhone3,-46,8,0,76
238,1.301029100,61:21:c4:f7:2c:a9,TestPhone1,-63,8,0,76
239,1.301666800,71:51:46:ed:32:da,,-76,,1,
240,1.302851300,64:16:7f:b8:7c:cc,,-55,,0,76
241,1.303921200,21:d4:6d:da:f9:c2,,-75,,2,6
242,1.315199800,0b:fa:61:e5:74:0c,,-61,,2,6
243,1.322729300,47:ee:6f:13:89:a8,TestPhone2,-53,8,0,76
244,1.325569600,0a:bf:e2:3f:db:8f,,-67,,2,6
245,1.328966900,68:cc:0d:e0:7b:be,TestPhone3,-46,8,0,76
246,1.331030400,61:21:c4:f7:2c:a9,TestPhone1,-62,8,0,76
247,1.332544600,54:f1:84:69:2e:94,,-78,,0,76
248,1.341280600,72:b8:f4:df:ca:07,TestPhone4,-37,8,0,76
249,1.353979900,47:ee:6f:13:89:a8,TestPhone2,-53,8,0,76
250,1.363665600,21:d5:79:0b:d0:12,,-76,,2,6
251,1.366279800,62:5e:37:51:ef:21,,-54,12,0,76
252,1.381281400,72:b8:f4:df:ca:07,TestPhone4,-37,8,0,76
253,1.384947300,c8:d0:83:be:6a:03,,-81,12,0,76
254,1.385688300,c8:d0:83:be:6a:03,,-81,,4,
255,1.405170900,,,-45,,10,
256,1.407736600,0b:e9:ad:c4:61:0d,,-76,,2,6
257,1.408529300,61:21:c4:f7:2c:a9,TestPhone1,-61,8,0,76
258,1.416449600,0b:fa:61:e5:74:0c,,-61,,2,6
259,1.417730300,47:ee:6f:13:89:a8,TestPhone2,-52,8,0,76
260,1.431194100,0a:bf:e2:3f:db:8f,,-66,,2,6
261,1.434829100,6c:26:a1:db:9e:a4,,-88,,6,
262,1.441027800,61:21:c4:f7:2c:a9,TestPhone1,-61,8,0,76
263,1.447532000,72:b8:f4:df:ca:07,TestPhone4,-36,8,0,76
264,1.448978900,47:ee:6f:13:89:a8,TestPhone2,-52,8,0,76
265,1.452902200,46:77:21:38:0a:18,,-83,12,0,
266,1.466165600,21:d5:79:0b:d0:12,,-76,,2,6
267,1.472981200,23:05:a7:e7:b7:aa,,-86,,2,6
268,1.478967400,68:cc:0d:e0:7b:be,TestPhone3,-46,8,0,76
269,1.482190900,64:16:7f:b9:bc:39,,-81,,0,76
270,1.483364800,24:93:90:41:50:c0,,-71,,2,6
271,1.486283400,72:b8:f4:df:ca:07,TestPhone4,-36,8,0,76
272,1.505795600,21:d4:6d:da:f9:c2,,-75,,2,6
273,1.508967800,68:cc:0d:e0:7b:be,TestPhone3,-46,8,0,76
274,1.510861800,0b:e9:ad:c4:61:0d,,-76,,2,6
275,1.513796400,54:f1:84:69:2e:94,,-74,,0,76
276,1.517533100,72:b8:f4:df:ca:07,TestPhone4,-36,8,0,76
277,1.520200500,0b:fa:61:e5:74:0c,,-61,,2,6
278,1.533694100,0a:bf:e2:3f:db:8f,,-68,,2,6
279,1.546466300,68:cc:0d:e0:7b:be,TestPhone3,-49,8,0,76
280,1.547278900,61:21:c4:f7:2c:a9,TestPhone1,-58,8,0,76
281,1.548784000,72:b8:f4:df:ca:07,TestPhone4,-36,8,0,76
282,1.555139900,31:db:62:df:06:a8,,-68,,2,6
283,1.561637300,09:42:39:91:98:5f,,-77,,2,76
284,1.566196000,c8:d0:83:be:6a:03,,-81,12,0,
285,1.572414100,21:d5:79:0b:d0:12,,-75,,2,6
286,1.581284600,72:b8:f4:df:ca:07,TestPhone4,-36,8,0,76
287,1.584614500,24:93:90:41:50:c0,,-70,,2,6
288,1.586467400,68:cc:0d:e0:7b:be,TestPhone3,-49,8,0,76
289,1.587277000,61:21:c4:f7:2c:a9,TestPhone1,-58,8,0,76
290,1.587728700,47:ee:6f:13:89:a8,TestPhone2,-54,8,0,76
291,1.597889600,c8:d0:83:cb:11:9e,,-75,12,0,76
292,1.608920100,21:d4:6d:da:f9:c2,,-75,,2,6
293,1.610861900,0b:e9:ad:c4:61:0d,,-77,,2,6
294,1.613695400,17:71:6e:7d:f9:7e,,-78,,2,76
295,1.620036000,72:b8:f4:df:ca:07,TestPhone4,-36,8,0,76
296,1.622701000,0b:fa:61:e5:74:0c,,-62,,2,6
297,1.623978000,47:ee:6f:13:89:a8,TestPhone2,-54,8,0,76
298,1.624776500,61:21:c4:f7:2c:a9,TestPhone1,-58,8,0,76
299,1.636276400,62:5e:37:51:ef:21,,-55,12,0,76
300,1.643069200,0a:bf:e2:3f:db:8f,,-68,,2,6
301,1.655037100,72:b8:f4:df:ca:07,TestPhone4,-36,8,0,76
302,1.657718400,68:cc:0d:e0:7b:be,TestPhone3,-46,8,0,76
303,1.662014600,31:db:62:df:06:a8,,-67,,2,6
304,1.663527400,61:21:c4:f7:2c:a9,TestPhone1,-59,8,0,76
305,1.663978200,47:ee:6f:13:89:a8,TestPhone2,-54,8,0,76
306,1.676729900,23:81:a7:e7:f5:a2,,-83,,2,6
307,1.681163800,21:d5:79:0b:d0:12,,-75,,2,6
308,1.688789100,72:b8:f4:df:ca:07,TestPhone4,-36,8,0,76
309,1.691490700,24:93:90:41:50:c0,,-70,,2,6
310,1.698526400,61:21:c4:f7:2c:a9,TestPhone1,-60,8,0,76
311,1.700227100,47:ee:6f:13:89:a8,TestPhone2,-53,8,0,76
312,1.711420000,21:d4:6d:da:f9:c2,,-75,,2,6
313,1.719612400,0b:e9:ad:c4:61:0d,,-75,,2,6
314,1.723950800,0b:fa:61:e5:74:0c,,-63,,2,6
315,1.727901700,46:77:21:38:0a:18,,-81,12,0,76
316,1.730227500,47:ee:6f:13:89:a8,TestPhone2,-54,8,0,76
317,1.732276500,61:21:c4:f7:2c:a9,TestPhone1,-61,8,0,76
318,1.745386500,09:42:39:91:98:5f,,-77,,2,76
319,1.750569100,0a:bf:e2:3f:db:8f,,-66,,2,6
320,1.758788100,72:b8:f4:df:ca:07,TestPhone4,-36,8,0,76
321,1.763968400,68:cc:0d:e0:7b:be,TestPhone3,-49,8,0,76
322,1.767014600,31:db:62:df:06:a8,,-70,,2,6
323,1.770226400,47:ee:6f:13:89:a8,TestPhone2,-54,8,0,76
324,1.779136000,c8:d0:83:cb:11:9e,,-77,12,0,76
325,1.782413500,21:d5:79:0b:d0:12,,-75,,2,6
326,1.794942200,18:71:6e:7d:f9:7e,,-35,,2,
327,1.797275800,61:21:c4:f7:2c:a9,TestPhone1,-61,8,0,76
328,1.799359700,53:74:35:d2:60:c8,,-85,,0,
329,1.810226500,47:ee:6f:13:89:a8,TestPhone2,-55,8,0,76
330,1.820169600,21:d4:6d:da:f9:c2,,-75,,2,6
331,1.824612600,0b:e9:ad:c4:61:0d,,-75,,2,6
332,1.826467800,68:cc:0d:e0:7b:be,TestPhone3,-50,8,0,76
333,1.827540800,72:b8:f4:df:ca:07,TestPhone4,-36,8,0,76
334,1.832275700,61:21:c4:f7:2c:a9,TestPhone1,-62,8,0,76
335,1.833326000,0b:fa:61:e5:74:0c,,-62,,2,6
336,1.867542200,72:b8:f4:df:ca:07,TestPhone4,-36,8,0,76
337,1.868068700,0a:bf:e2:3f:db:8f,,-66,,2,6
338,1.868525600,61:21:c4:f7:2c:a9,TestPhone1,-61,8,0,76
339,1.871477000,47:ee:6f:13:89:a8,TestPhone2,-55,8,0,76
340,1.883800100,54:f1:84:69:2e:94,,-76,,0,76
341,1.884913600,21:d5:79:0b:d0:12,,-76,,2,6
342,1.894229700,23:05:a7:e7:b7:aa,,-84,,2,6
343,1.896467900,68:cc:0d:e0:7b:be,TestPhone3,-49,8,0,76
344,1.898525700,61:21:c4:f7:2c:a9,TestPhone1,-62,8,0,76
345,1.900866300,24:93:90:41:50:c0,,-70,,2,6
346,1.908768200,62:5e:37:51:ef:21,,-54,12,0,76
347,1.910228300,47:ee:6f:13:89:a8,TestPhone2,-54,8,0,76
348,1.920169400,21:d4:6d:da:f9:c2,,-74,,2,6
349,1.930379500,09:42:39:91:98:5f,,-75,,2,76
350,1.931192100,c8:d0:83:be:6a:03,,-80,12,0,76
351,1.932717700,68:cc:0d:e0:7b:be,TestPhone3,-49,8,0,76
352,1.933988100,0b:e9:ad:c4:61:0d,,-75,,2,6
353,1.938325500,0b:fa:61:e5:74:0c,,-63,,2,6
354,1.938791700,72:b8:f4:df:ca:07,TestPhone4,-36,8,0,76
355,1.950226300,47:ee:6f:13:89:a8,TestPhone2,-53,8,0,76
356,1.959943700,0a:bf:e2:3f:db:8f,,-66,,2,6
357,1.960381800,c8:d0:83:cb:11:9e,,-77,12,0,76
358,1.973264500,31:db:62:df:06:a8,,-70,,2,6
359,1.977436700,17:71:6e:7d:f9:7e,,-34,,2,
360,1.982312900,43:47:60:ca:9f:a4,,-88,,0,
361,1.982727400,47:ee:6f:13:89:a8,TestPhone2,-53,8,0,76
362,1.989912700,21:d5:79:0b:d0:12,,-76,,2,6
363,1.994774800,61:21:c4:f7:2c:a9,TestPhone1,-59,8,0,76
364,2.000219400,68:cc:0d:e0:7b:be,TestPhone3,-48,8,0,76
365,2.000737600,68:cc:0d:e0:7b:be,,-80,,3,
366,2.015225700,47:ee:6f:13:89:a8,TestPhone2,-53,8,0,76
367,2.017544600,72:b8:f4:df:ca:07,TestPhone4,-36,8,0,76
368,2.026418800,21:d4:6d:da:f9:c2,,-73,,2,6
369,2.034774500,61:21:c4:f7:2c:a9,TestPhone1,-58,8,0,76
370,2.039613400,0b:e9:ad:c4:61:0d,,-75,,2,6
371,2.047076100,0b:fa:61:e5:74:0c,,-62,,2,6
372,2.052544300,72:b8:f4:df:ca:07,TestPhone4,-36,8,0,76
373,2.053977000,47:ee:6f:13:89:a8,TestPhone2,-54,8,0,76
374,2.063801700,54:f1:84:69:2e:94,,-76,,0,76
375,2.069318900,0a:bf:e2:3f:db:8f,,-67,,2,6
376,2.071470400,68:cc:0d:e0:7b:be,TestPhone3,-46,8,0,76
377,2.073108400,52:54:35:12:60:ea,,-85,,0,76
378,2.079514100,31:db:62:df:06:a8,,-70,,2,6
379,2.113366500,24:93:90:41:50:c0,,-71,,2,6
380,2.114124000,09:42:39:91:98:5f,,-77,,2,76
381,2.114931300,c8:d0:83:be:6a:03,,-78,12,0,76
382,2.118794900,72:b8:f4:df:ca:07,TestPhone4,-36,8,0,76
383,2.123975300,47:ee:6f:13:89:a8,TestPhone2,-54,8,0,76
384,2.144774800,61:21:c4:f7:2c:a9,TestPhone1,-58,8,0,76
385,2.145863700,0b:e9:ad:c4:61:0d,,-76,,2,6
386,2.146469900,68:cc:0d:e0:7b:be,TestPhone3,-46,8,0,76
387,2.150045600,72:b8:f4:df:ca:07,TestPhone4,-36,8,0,76
388,2.153951100,0b:fa:61:e5:74:0c,,-60,,2,6
389,2.155225200,47:ee:6f:13:89:a8,TestPhone2,-54,8,0,76
390,2.172224100,64:16:7f:4f:5e:91,,-81,,0,76
391,2.176193300,0a:bf:e2:3f:db:8f,,-67,,2,6
392,2.180046600,72:b8:f4:df:ca:07,TestPhone4,-36,8,0,76
393,2.181267400,62:5e:37:51:ef:21,,-43,12,0,76
394,2.184774500,61:21:c4:f7:2c:a9,TestPhone1,-58,8,0,76
395,2.187638700,31:db:62:df:06:a8,,-70,,2,6
396,2.203661000,21:d5:79:0b:d0:12,,-76,,2,6
397,2.207978600,,,-83,,10,
398,2.212546900,72:b8:f4:df:ca:07,TestPhone4,-36,8,0,76
399,2.213065400,72:b8:f4:df:ca:07,,-81,,3,
400,2.216491400,24:93:90:41:50:c0,,-71,,2,6
401,2.221474500,47:ee:6f:13:89:a8,TestPhone2,-54,8,0,76
402,2.223524100,61:21:c4:f7:2c:a9,TestPhone1,-58,8,0,76
403,2.242043400,21:d4:6d:da:f9:c2,,-76,,2,6
404,2.246296600,72:b8:f4:df:ca:07,TestPhone4,-36,8,0,76
405,2.247553800,54:f1:84:69:2e:94,,-80,,0,76
406,2.250220400,68:cc:0d:e0:7b:be,TestPhone3,-45,8,0,76
407,2.250863900,0b:e9:ad:c4:61:0d,,-76,,2,6
408,2.255225700,47:ee:6f:13:89:a8,TestPhone2,-54,8,0,76
409,2.255826400,0b:fa:61:e5:74:0c,,-62,,2,6
410,2.275400700,4e:77:21:38:12:18,,-84,,0,
411,2.276818300,0a:bf:e2:3f:db:8f,,-67,,2,6
412,2.278797600,72:b8:f4:df:ca:07,TestPhone4,-36,8,0,76
413,2.288974900,47:ee:6f:13:89:a8,TestPhone2,-53,8,0,76
414,2.292639900,31:db:62:df:06:a8,,-70,,2,6
415,2.295367900,09:42:39:91:98:5f,,-75,,2,76
416,2.296177900,c8:d0:83:be:6a:03,,-78,12,0,76
417,2.296918900,c8:d0:83:be:6a:03,,-81,,4,
418,2.298524000,61:21:c4:f7:2c:a9,TestPhone1,-59,8,0,76
419,2.313036000,21:d5:79:0b:d0:12,,-76,,2,6
420,2.315049300,72:b8:f4:df:ca:07,TestPhone4,-34,8,0,76
421,2.316471500,68:cc:0d:e0:7b:be,TestPhone3,-46,8,0,76
422,2.321492100,24:93:90:41:50:c0,,-71,,2,6
423,2.327726000,47:ee:6f:13:89:a8,TestPhone2,-53,8,0,76
424,2.330370500,c8:d0:83:cb:11:9e,,-77,12,0,76
425,2.331023800,61:21:c4:f7:2c:a9,TestPhone1,-59,8,0,76
426,2.342430300,17:71:6e:7d:f9:7e,,-79,,2,76
427,2.348918100,21:d4:6d:da:f9:c2,,-76,,2,6
428,2.351471000,68:cc:0d:e0:7b:be,TestPhone3,-46,8,0,76
429,2.358974400,47:ee:6f:13:89:a8,TestPhone2,-53,8,0,76
430,2.363325600,0b:fa:61:e5:74:0c,,-62,,2,6
431,2.387551400,72:b8:f4:df:ca:07,TestPhone4,-36,8,0,76
432,2.393265600,31:db:62:df:06:a8,,-70,,2,6
433,2.396475400,47:ee:6f:13:89:a8,TestPhone2,-54,8,0,76
434,2.417551900,72:b8:f4:df:ca:07,TestPhone4,-36,8,0,76
435,2.418601300,23:05:a7:e7:f5:2a,,-79,,2,70
436,2.421785300,21:d5:79:0b:d0:12,,-76,,2,6
437,2.427720600,68:cc:0d:e0:7b:be,TestPhone3,-48,8,0,76
438,2.430867900,24:93:90:41:50:c0,,-59,,2,6
439,2.432725600,47:ee:6f:13:89:a8,TestPhone2,-52,8,0,76
440,2.435055600,54:f1:84:69:2e:94,,-79,,0,76
441,2.447551400,72:b8:f4:df:ca:07,TestPhone4,-36,8,0,76
442,2.456267100,62:5e:37:51:ef:21,,-51,12,0,76
443,2.458989700,0b:e9:ad:c4:61:0d,,-76,,2,6
444,2.462720500,68:cc:0d:e0:7b:be,TestPhone3,-46,8,0,76
445,2.463326300,0b:fa:61:e5:74:0c,,-62,,2,6
446,2.467725200,47:ee:6f:13:89:a8,TestPhone2,-52,8,0,76
447,2.468523400,61:21:c4:f7:2c:a9,TestPhone1,-59,8,0,76
448,2.477424900,c8:d0:83:be:6a:03,,-79,12,0,76
449,2.480367000,09:42:39:91:98:5f,,-75,,2,76
450,2.485051600,72:b8:f4:df:ca:07,TestPhone4,-36,8,0,76
451,2.486192500,0a:bf:e2:3f:db:8f,,-66,,2,6
452,2.493890400,31:db:62:df:06:a8,,-70,,2,6
453,2.497721100,68:cc:0d:e0:7b:be,TestPhone3,-46,8,0,76
454,2.506474200,47:ee:6f:13:89:a8,TestPhone2,-52,8,0,76
455,2.512869300,c8:d0:83:cb:11:9e,,-75,12,0,76
456,2.520051500,72:b8:f4:df:ca:07,TestPhone4,-36,8,0,76
457,2.521725400,23:05:a7:a7:e7:a8,,-83,,2,32774
458,2.523674100,17:71:6e:7d:f9:7e,,-79,,2,76
459,2.538974300,47:ee:6f:13:89:a8,TestPhone2,-52,8,0,76
460,2.543523900,61:21:c4:f7:2c:a9,TestPhone1,-59,8,0,76
461,2.545400400,46:77:21:38:0a:18,,-81,12,0,76
462,2.558802000,72:b8:f4:df:ca:07,TestPhone4,-36,8,0,76
463,2.562042500,21:d4:6d:da:f9:c2,,-75,,2,6
464,2.563364900,0b:e9:ad:c4:61:0d,,-76,,2,6
465,2.563972300,68:cc:0d:e0:7b:be,TestPhone3,-48,8,0,76
466,2.570826300,0b:fa:61:e5:74:0c,,-62,,2,6
467,2.574773500,61:21:c4:f7:2c:a9,TestPhone1,-59,8,0,76
468,2.587838900,64:16:7f:b8:7c:cc,,-55,,0,76
469,2.594942500,0a:bf:e2:3f:db:8f,,-66,,2,6
470,2.598265400,31:db:62:df:06:a8,,-69,,2,6
471,2.600223300,68:cc:0d:e0:7b:be,TestPhone3,-46,8,0,76
472,2.602723100,47:ee:6f:13:89:a8,TestPhone2,-51,8,0,76
473,2.607272200,61:21:c4:f7:2c:a9,TestPhone1,-59,8,0,76
474,2.615057400,54:f1:84:69:2e:94,,-78,,0,76
475,2.627349800,23:85:af:e7:f7:aa,,-85,,2,
476,2.631159400,21:d5:79:0b:d0:12,,-35,,2,6
477,2.632721700,47:ee:6f:13:89:a8,TestPhone2,-50,8,0,76
478,2.641022100,61:21:c4:f7:2c:a9,TestPhone1,-59,8,0,76
479,2.641492700,24:93:90:41:50:c0,,-70,,2,6
480,2.661303700,72:b8:f4:df:ca:07,TestPhone4,-36,8,0,76
481,2.662722700,47:ee:6f:13:89:a8,TestPhone2,-51,8,0,76
482,2.665222400,68:cc:0d:e0:7b:be,TestPhone3,-46,8,0,76
483,2.674577500,0b:fa:61:e5:74:0c,,-62,,2,6
484,2.694115700,c8:d0:83:cb:11:9e,,-75,12,0,76
485,2.699515200,31:db:62:df:06:a8,,-70,,2,6
486,2.701472000,68:cc:0d:e0:7b:be,TestPhone3,-48,8,0,76
487,2.704922000,17:71:6e:7d:f9:7e,,-79,,2,76
488,2.728763100,62:5e:37:51:ef:21,,-51,12,0,76
489,2.736472000,68:cc:0d:e0:7b:be,TestPhone3,-49,8,0,76
490,2.739283400,21:d5:79:0b:d0:12,,-76,,2,6
491,2.742270900,61:21:c4:f7:2c:a9,TestPhone1,-61,8,0,76
492,2.743993600,24:93:90:41:50:c0,,-70,,2,6
493,2.765932500,4c:96:7f:b9:3d:38,,-83,,0,76
494,2.766490600,0b:e9:ad:c4:61:0d,,-76,,2,6
495,2.767722100,68:cc:0d:e0:7b:be,TestPhone3,-49,8,0,76
496,2.772666700,d6:a1:e3:e2:ca:02,,-49,,2,
497,2.800059000,54:f1:84:69:2e:94,,-47,,0,76
498,2.801388700,31:db:62:df:06:a8,,-70,,2,6
499,2.809941400,0a:bf:e2:3f:db:8f,,-66,,2,6
500,2.812720000,47:ee:6f:13:89:a8,TestPhone2,-50,8,0,76
501,2.815399900,46:77:21:38:0a:18,,-81,14,0,76
502,2.816022000,61:21:c4:f7:2c:a9,TestPhone1,-61,8,0,76
503,2.832973500,23:05:a7:e7:b7:ae,,-83,,2,3086
504,2.835054700,72:b8:f4:df:ca:07,TestPhone4,-37,8,0,76
505,2.840532400,21:d5:79:0b:d0:12,,-75,,2,6
506,2.846608300,09:42:39:91:98:5f,,-76,,2,76
507,2.865222500,68:cc:0d:e0:7b:be,TestPhone3,-47,8,0,76
508,2.866490700,0b:e9:ad:c4:61:0d,,-76,,2,6
509,2.876610400,c8:d0:83:cb:11:9e,,-76,12,0,76
510,2.880203300,0b:fa:61:e5:74:0c,,-62,,2,6
511,2.888103900,52:74:25:de:60:ea,,-85,,0,76
512,2.902722700,68:cc:0d:e0:7b:be,TestPhone3,-49,8,0,76
513,2.907553900,72:b8:f4:df:ca:07,TestPhone4,-38,8,0,76
514,2.910763800,31:db:62:df:06:a8,,-70,,2,6
515,2.917718400,47:ee:6f:13:89:a8,TestPhone2,-50,8,0,76
516,2.937555700,72:b8:f4:df:ca:07,TestPhone4,-38,8,0,76
517,2.946781100,21:d5:79:0b:d0:12,,-76,,2,6
518,2.948520600,61:21:c4:f7:2c:a9,TestPhone1,-61,8,0,76
519,2.955217000,47:ee:6f:13:89:a8,TestPhone2,-48,8,0,76
520,2.966491400,0b:e9:ad:c4:61:0d,,-76,,2,6
521,2.968106100,64:16:7f:b8:71:ef,,-30,,0,76
522,2.973973600,68:cc:0d:e0:7b:be,TestPhone3,-48,8,0,76
523,2.983290900,21:d4:6d:da:f9:c2,,-77,,2,6
524,2.986467500,47:ee:6f:13:89:a8,TestPhone2,-50,8,0,76
525,3.002509900,62:5e:37:51:ef:21,,-51,12,0,76
526,3.011307100,72:b8:f4:df:ca:07,TestPhone4,-39,8,0,76
527,3.012152000,72:b8:f4:df:ca:07,,-39,,4,
528,3.018519600,61:21:c4:f7:2c:a9,TestPhone1,-61,8,0,76
529,3.024315700,0a:bf:e2:3f:db:8f,,-66,,2,6
530,3.030353600,09:42:39:91:98:5f,,-75,,2,76
531,3.043597800,23:15:a7:e7:f3:aa,,-83,,2,22
532,3.051780100,21:d5:79:0b:d0:12,,-75,,2,6
533,3.053519200,61:21:c4:f7:2c:a9,TestPhone1,-59,8,0,76
534,3.060356000,c8:d0:83:cb:11:9e,,-76,12,0,76
535,3.073991600,0b:e9:ad:c4:61:0d,,-76,,2,6
536,3.076165700,17:71:6e:7d:f9:7e,,-79,,2,76
537,3.085216400,47:ee:6f:13:89:a8,TestPhone2,-46,8,0,76
538,3.089769700,61:21:c4:f7:2c:a9,TestPhone1,-57,8,0,76
539,3.116466000,47:ee:6f:13:89:a8,TestPhone2,-49,8,0,76
540,3.119768800,61:21:c4:f7:2c:a9,TestPhone1,-39,8,0,76
541,3.123263400,31:db:62:df:06:a8,,-70,,2,6
542,3.138065400,0a:bf:e2:3f:db:8f,,-66,,2,6
543,3.155058800,72:b8:f4:df:ca:07,TestPhone4,-39,8,0,76
544,3.163812900,54:f1:84:69:2e:94,,-69,,0,76
545,3.173991600,0b:e9:ad:c4:61:0d,,-76,,2,6
546,3.176473500,68:cc:0d:e0:7b:be,TestPhone3,-46,8,0,76
547,3.180216500,47:ee:6f:13:89:a8,TestPhone2,-49,8,0,76
548,3.185060100,72:b8:f4:df:ca:07,TestPhone4,-39,8,0,76
549,3.191019000,61:21:c4:f7:2c:a9,TestPhone1,-57,8,0,76
550,3.198290500,21:d4:6d:da:f9:c2,,-75,,2,6
551,3.200204600,0b:fa:61:e5:74:0c,,-61,,2,6
552,3.214908900,c8:d0:83:be:6a:03,,-80,12,0,76
553,3.218966000,47:ee:6f:13:89:a8,TestPhone2,-50,8,0,76
554,3.223809100,72:b8:f4:df:ca:07,TestPhone4,-40,8,0,76
555,3.231016600,61:21:c4:f7:2c:a9,TestPhone1,-58,8,0,76
556,3.238690300,0a:bf:e2:3f:db:8f,,-66,,2,6
557,3.241601000,c8:d0:83:cb:11:9e,,-75,12,0,76
558,3.248964900,47:ee:6f:13:89:a8,TestPhone2,-51,8,0,76
559,3.251474000,68:cc:0d:e0:7b:be,TestPhone3,-47,8,0,76
560,3.263654800,21:d5:79:0b:d0:12,,-38,,2,6
561,3.272503300,62:5e:37:51:ef:21,,-52,12,0,76
562,3.274617000,0b:e9:ad:c4:61:0d,,-75,,2,6
563,3.283974100,68:dc:05:e0:7b:be,De,-42,,0,
564,3.303331300,0b:fa:61:e5:74:0c,,-60,,2,6
565,3.303811300,72:b8:f4:df:ca:07,TestPhone4,-39,8,0,76
566,3.305790200,21:94:6d:da:f9:c2,,-75,,2,6
567,3.316464200,47:ee:6f:13:89:a8,TestPhone2,-54,8,0,76
568,3.320223400,68:cc:0d:e0:7b:be,TestPhone3,-45,8,0,76
569,3.327638000,31:db:62:df:06:a8,,-70,,2,6
570,3.332265700,61:21:c4:f7:2c:a9,TestPhone1,-57,8,0,76
571,3.343813800,72:b8:f4:df:ca:07,TestPhone4,-39,8,0,76
572,3.347714200,47:ee:6f:13:89:a8,TestPhone2,-54,8,0,76
573,3.359220600,23:05:a7:e5:f3:ea,,-83,,2,6
574,3.365244300,24:93:90:41:50:c0,,-71,,2,6
575,3.372266100,61:21:c4:f7:2c:a9,TestPhone1,-58,8,0,76
576,3.382117600,0b:e9:ad:c4:61:0d,,-76,,2,6
577,3.386463600,47:ee:6f:13:89:a8,TestPhone2,-53,8,0,76
578,3.394096300,09:42:39:91:98:5f,,-77,,2,76
579,3.403914600,21:d4:6d:da:f9:c2,,-75,,2,6
580,3.415332600,,,-87,,10,
581,3.420062700,72:b8:f4:df:ca:07,TestPhone4,-39,8,0,76
582,3.428262900,31:db:62:df:06:a8,,-70,,2,6
583,3.438653100,17:71:6e:7d:f9:7e,,-80,,2,
584,3.445564400,0a:bf:e2:3f:db:8f,,-66,,2,6
585,3.451461400,47:ee:6f:13:89:a8,TestPhone2,-52,8,0,76
586,3.460223200,68:cc:0d:e0:7b:be,TestPhone3,-45,8,0,76
587,3.465869400,24:93:90:41:50:c0,,-70,,2,6
588,3.473027700,21:d5:79:0b:d0:12,,-75,,2,6
589,3.482265000,61:21:c4:f7:2c:a9,TestPhone1,-56,8,0,76
590,3.504476400,c1:d9:91:c3:89:a3,,-90,,2,
591,3.510789600,21:d4:6d:da:f9:c2,,-75,,2,6
592,3.514764100,61:21:c4:f7:2c:a9,TestPhone1,-55,8,0,76
593,3.517565100,72:b8:f4:df:ca:07,TestPhone4,-38,8,0,76
594,3.523972400,68:cc:0d:e0:7b:be,TestPhone3,-45,8,0,76
595,3.531316400,54:71:84:69:2e:94,,-81,,0,76
596,3.544764800,61:21:c4:f7:2c:a9,TestPhone1,-56,8,0,76
597,3.546189500,,,-52,,2,
598,3.556460300,47:ee:6f:13:89:a8,TestPhone2,-51,8,0,76
599,3.557566600,72:b8:f4:df:ca:07,TestPhone4,-38,8,0,76
600,3.572744900,24:93:90:41:50:c0,,-71,,2,6
601,3.575346200,09:42:39:91:98:5f,,-76,,2,76
602,3.584763600,61:21:c4:f7:2c:a9,TestPhone1,-55,8,0,76
603,3.590209900,47:ee:6f:13:89:a8,TestPhone2,-51,8,0,76
604,3.605340500,c8:d0:83:cb:11:9e,,-76,12,0,76
605,3.615164100,21:d4:6d:da:f9:c2,,-76,,2,6
606,3.617707200,0b:fa:61:e5:74:0c,,-61,,2,6
607,3.622567800,72:b8:f4:df:ca:07,TestPhone4,-38,8,0,76
608,3.627898300,4e:77:29:38:0e:18,,-80,2,0,
609,3.652567600,72:b8:f4:df:ca:07,TestPhone4,-38,8,0,76
610,3.653063900,0a:bf:e2:3f:db:8f,,-66,,2,6
611,3.661015200,61:21:c4:f7:2c:a9,TestPhone1,-56,8,0,76
612,3.662710600,47:ee:6f:13:89:a8,TestPhone2,-51,8,0,76
613,3.671094400,3b:85:a7:e7:f7:aa,,-83,,2,6
614,3.682119900,24:93:90:41:50:c0,,-71,,2,6
615,3.689618500,0b:e9:ad:c4:61:0d,,-75,,2,6
616,3.691777300,21:d5:79:0b:d0:12,,-76,,2,6
617,3.697263700,61:21:c4:f7:2c:a9,TestPhone1,-57,8,0,76
618,3.712568400,54:f1:84:69:2e:94,,-80,,0,76
619,3.717038600,21:d4:6d:da:f9:c2,,-76,,2,6
620,3.722569300,72:b8:f4:df:ca:07,TestPhone4,-38,8,0,76
621,3.731459300,47:ee:6f:13:89:a8,TestPhone2,-51,8,0,76
622,3.737264300,61:21:c4:f7:2c:a9,TestPhone1,-55,8,0,76
623,3.742725500,68:cc:0d:e0:7b:be,TestPhone3,-47,8,0,76
624,3.756584400,09:42:39:91:98:5f,,-64,,2,76
625,3.759887900,c8:d0:83:be:6a:03,,-81,12,0,76
626,3.773513000,61:21:c4:f7:2c:a9,TestPhone1,-55,8,0,76
627,3.785244800,24:93:90:41:50:c0,,-71,,2,6
628,3.786321500,72:b8:f4:df:ca:07,TestPhone4,-39,8,0,76
629,3.791587200,c8:d0:83:cb:11:9e,,-76,12,0,76
630,3.793959700,47:ee:6f:13:89:a8,TestPhone2,-52,8,0,76
631,3.804887500,17:71:6e:7d:f9:7e,,-81,,2,76
632,3.813514200,61:21:c4:f7:2c:a9,TestPhone1,-55,8,0,76
633,3.818975300,68:cc:0d:e0:7b:be,TestPhone3,-45,8,0,76
634,3.825832500,0b:fa:61:e5:74:0c,,-61,,2,6
635,3.844512100,31:db:62:df:06:a8,,-71,,2,6
636,3.848513000,61:21:c4:f7:2c:a9,TestPhone1,-55,8,0,76
637,3.851476000,68:cc:0d:e0:7b:be,TestPhone3,-46,8,0,76
638,3.858822100,72:b8:f4:df:ca:07,TestPhone4,-39,8,0,76
639,3.865563800,0a:bf:e2:3f:db:8f,,-66,,2,6
640,3.876577200,64:16:7f:b8:7c:cc,,-55,,0,76
641,3.890244800,24:93:90:41:50:c0,,-71,,2,6
642,3.892573500,72:b8:f4:df:ca:07,TestPhone4,-39,8,0,76
643,3.897570000,54:f1:84:69:2e:94,,-79,,0,76
644,3.904619200,0b:e9:ad:c4:61:0d,,-72,,2,6
645,3.927574700,72:b8:f4:df:ca:07,TestPhone4,-40,8,0,76
646,3.928975300,68:cc:0d:e0:7b:be,TestPhone3,-45,8,0,76
647,3.932038300,21:d4:6d:da:f9:c2,,-76,,2,6
648,3.935210200,0b:fa:61:e5:74:0c,,-62,,2,6
649,3.941135200,c8:d0:83:be:6a:03,,-81,12,0,76
650,3.951387000,31:db:62:df:06:a8,,-71,,2,6
651,3.957263200,61:21:c4:f7:2c:a9,TestPhone1,-55,8,0,76
652,3.965563200,0a:bf:e2:3f:db:8f,,-66,,2,6
653,3.972709300,47:ee:6f:13:89:a8,TestPhone2,-54,8,0,76
654,3.980594700,42:f5:35:d2:60:ea,,-85,,0,
655,3.984842300,23:95:a7:e7:f7:2a,,-83,,2,32774
656,3.992262000,61:21:c4:f7:2c:a9,TestPhone1,-55,8,0,76
657,4.000227000,68:cc:0d:e0:7b:be,TestPhone3,-47,8,0,76
658,4.009275400,21:d5:79:0b:d0:12,,-75,,2,6
659,4.027574500,72:b8:f4:df:ca:07,TestPhone4,-40,8,0,76
660,4.031013100,61:21:c4:f7:2c:a9,TestPhone1,-55,8,0,76
661,4.033287600,21:d4:6d:da:f9:c2,,-76,,2,6
662,4.040835200,0b:fa:61:e5:74:0c,,-62,,2,6
663,4.053261900,31:db:62:df:06:a8,,-71,,2,6
664,4.058825400,72:b8:f4:df:ca:07,TestPhone4,-40,8,0,76
665,4.065226800,68:cc:0d:e0:7b:be,TestPhone3,-45,8,0,76
666,4.071812300,0a:bf:e2:3f:db:8f,,-66,,2,6
667,4.077571800,54:71:84:69:2c:94,,-52,,0,
668,4.087494900,62:5e:37:51:ef:21,,-50,12,0,76
669,4.093592300,23:05:a7:e7:f7:a6,,-84,,2,22
670,4.101013700,61:21:c4:f7:2c:a9,TestPhone1,-55,8,0,76
671,4.112744600,0b:e9:ad:c4:61:0d,,-72,,2,6
672,4.115207600,47:ee:6f:13:89:a8,TestPhone2,-52,8,0,76
673,4.123631700,c8:d0:83:be:6a:03,,-81,,2,
674,4.133912600,21:d4:6d:da:f9:c2,,-75,,2,6
675,4.141012800,61:21:c4:f7:2c:a9,TestPhone1,-55,8,0,76
676,4.145211100,0b:fa:61:e5:74:0c,,-62,,2,6
677,4.153958300,47:ee:6f:13:89:a8,TestPhone2,-52,8,0,76
678,4.158262700,31:db:62:df:06:a8,,-71,,2,6
679,4.167383600,17:71:6e:7d:f9:7e,,-81,,2,2124
680,4.178687000,0a:bf:e2:3f:db:8f,,-66,,2,6
681,4.186978500,14:bd:c7:57:a2:55,,-88,,2,34306
682,4.202580700,72:b8:f4:df:ca:07,TestPhone4,-50,8,0,76
683,4.205226600,68:cc:0d:e0:7b:be,TestPhone3,-45,8,0,76
684,4.212745900,24:93:90:41:50:c0,,-70,,2,6
685,4.217745100,0b:e9:ad:c4:61:0d,,-75,,2,6
686,4.219273800,21:d5:79:0b:d0:12,,-75,,2,6
687,4.237581900,72:b8:f4:df:ca:07,TestPhone4,-45,8,0,76
688,4.240162300,21:d4:6d:da:f9:c2,,-76,,2,6
689,4.243513900,61:21:c4:f7:2c:a9,TestPhone1,-54,8,0,76
690,4.249586600,0b:fa:61:e5:74:0c,,-62,,2,6
691,4.257573600,54:f1:84:69:2e:94,,-78,,0,76
692,4.278686700,0a:bf:e2:3f:db:8f,,-66,,2,6
693,4.293956900,47:ee:6f:13:89:a8,TestPhone2,-53,8,0,76
694,4.309878100,c8:d0:83:be:6a:03,,-81,12,0,76
695,4.310326400,09:42:39:91:98:5f,,-76,,2,76
696,4.316496400,24:93:90:41:50:c0,,-71,,2,6
697,4.323513900,61:21:c4:f7:2c:a9,TestPhone1,-54,8,0,76
698,4.323995400,0b:e9:ad:c4:61:0d,,-75,,2,6
699,4.333955900,47:ee:6f:13:89:a8,TestPhone2,-53,8,0,76
700,4.336578500,c8:d0:83:cb:11:9e,,-76,12,0,76
701,4.341477500,68:cc:0d:e0:7b:be,TestPhone3,-45,8,0,76
702,4.347661900,21:d4:6d:da:f9:c2,,-76,,2,6
703,4.349586700,0b:fa:61:e5:74:0c,,-61,,2,6
704,4.361241600,62:5e:37:51:ef:21,,-50,12,0,76
705,4.363512700,61:21:c4:f7:2c:a9,TestPhone1,-54,8,0,76
706,4.377728400,68:cc:0d:e0:7b:be,TestPhone3,-45,8,0,76
707,4.378686000,0a:bf:e2:3f:db:8f,,-66,,2,6
708,4.399763100,61:21:c4:f7:2c:a9,TestPhone1,-54,8,0,76
709,4.403955100,47:ee:6f:13:89:a8,TestPhone2,-54,8,0,76
710,4.416479200,68:cc:0d:e0:7b:be,TestPhone3,-45,8,0,76
711,4.417746100,24:93:90:41:50:c0,,-70,,2,6
712,4.423834200,72:b8:f4:df:ca:07,TestPhone4,-39,8,0,76
713,4.430245700,0b:e9:ad:c4:61:0d,,-72,,2,6
714,4.431011800,61:21:c4:f7:2c:a9,TestPhone1,-54,8,0,76
715,4.436455800,47:ee:6f:13:89:a8,TestPhone2,-54,8,0,76
716,4.448286700,21:d4:6d:da:f9:c2,,-75,,2,6
717,4.452728800,68:cc:0d:e0:7b:be,TestPhone3,-45,8,0,76
718,4.475138300,c4:2b:51:88:f2:a8,,-54,,2,
719,4.486811000,0a:bf:e2:3f:db:8f,,-66,,2,6
720,4.490229600,68:cc:0d:e0:7b:be,TestPhone3,-45,8,0,76
721,4.492824800,09:42:39:91:98:5f,,-74,,2,76
722,4.493624600,c8:d0:83:be:6a:03,,-81,12,0,76
723,4.517820400,c8:d0:83:cb:11:9e,,-74,12,0,76
724,4.520870900,24:93:90:41:50:c0,,-70,,2,6
725,4.521337100,72:b8:f4:df:ca:07,TestPhone4,-39,8,0,76
726,4.522729600,68:cc:0d:e0:7b:be,TestPhone3,-45,8,0,76
727,4.531126500,17:71:6e:7d:f9:7e,,-81,,2,76
728,4.539621100,0b:e9:ad:c4:61:0d,,-75,,2,6
729,4.551336600,72:b8:f4:df:ca:07,TestPhone4,-39,8,0,76
730,4.555161300,21:d4:6d:da:f9:c2,,-76,,2,6
731,4.556479300,68:cc:0d:e0:7b:be,TestPhone3,-45,8,0,76
732,4.567260400,61:21:c4:f7:2c:a9,TestPhone1,-54,8,0,76
733,4.575204500,47:ee:6f:13:89:a8,TestPhone2,-54,8,0,76
734,4.602261200,61:21:c4:f7:2c:a9,TestPhone1,-54,8,0,76
735,4.606452900,47:ee:6f:13:89:a8,TestPhone2,-54,8,0,76
736,4.623827100,54:f1:84:69:2e:94,,-79,,0,76
737,4.627120400,24:93:90:41:50:c0,,-71,,2,6
738,4.628588100,23:05:a7:e5:e3:aa,,-37,,2,6
739,4.631241400,62:5e:37:51:ef:21,,-50,12,0,76
740,4.632728300,68:cc:0d:e0:7b:be,TestPhone3,-45,8,0,76
741,4.657660900,21:d4:6d:da:f9:c2,,-75,,2,6
742,4.658837900,72:b8:f4:df:ca:07,TestPhone4,-39,8,0,76
743,4.662729000,68:cc:0d:e0:7b:be,TestPhone3,-45,8,0,76
744,4.674068900,09:42:39:91:98:5f,,-76,,2,76
745,4.675203800,47:ee:6f:13:89:a8,TestPhone2,-54,8,0,76
746,4.679868400,c8:d0:83:be:6a:03,,-81,12,0,76
747,4.680609600,c8:d0:83:be:6a:03,,-81,,4,
748,4.685137700,31:db:62:df:06:a8,,-70,,2,6
749,4.693838500,72:b8:f4:df:ca:07,TestPhone4,-39,8,0,76
750,4.702822700,c8:d0:83:cb:11:9e,,-64,12,0,76
751,4.707704000,47:ee:6f:13:89:a8,TestPhone2,-54,8,0,76
752,4.726340600,72:b8:f4:df:ca:07,TestPhone4,-39,8,0,76
753,4.727745700,24:93:90:41:50:c0,,-70,,2,6
754,4.731713400,23:05:a7:e5:a3:6f,,-86,,2,
755,4.737703500,47:ee:6f:13:89:a8,TestPhone2,-54,8,0,76
756,4.755246900,0b:e9:ad:c4:61:0d,,-75,,2,6
757,4.765230500,68:cc:0d:e0:7b:be,TestPhone3,-45,8,0,76
758,4.768954200,47:ee:6f:13:89:a8,TestPhone2,-54,8,0,76
759,4.779587600,0b:fa:61:e5:74:0c,,-62,,2,6
760,4.782257900,61:21:c4:f7:2c:a9,TestPhone1,-55,8,0,76
761,4.791342300,72:b8:f4:df:ca:07,TestPhone4,-40,8,0,76
762,4.792013700,31:db:62:df:06:a8,,-70,,2,6
763,4.798980400,68:cc:0d:e0:7b:be,TestPhone3,-45,8,0,76
764,4.808829000,54:f1:84:69:2e:94,,-77,,0,76
765,4.826343000,72:b8:f4:df:ca:07,TestPhone4,-41,8,0,76
766,4.832746400,24:93:90:41:50:c0,,-71,,2,6
767,4.841771700,21:d5:79:0b:d0:12,,-76,,2,6
768,4.853509200,61:21:c4:f7:2c:a9,TestPhone1,-55,8,0,76
769,4.855317900,09:42:39:91:98:5f,,-76,,2,76
770,4.858372100,0b:e9:ad:c4:61:0d,,-77,,2,6
771,4.864865000,c8:d0:83:be:6a:03,,-81,12,0,76
772,4.878980900,68:cc:0d:e0:7b:be,TestPhone3,-48,8,0,76
773,4.880837600,0b:fa:61:e5:74:0c,,-63,,2,6
774,4.889070100,c8:d0:83:cb:11:9e,,-76,12,0,76
775,4.893263300,31:db:62:df:06:a8,,-71,,2,6
776,4.906249700,62:5e:37:51:ef:21,,-50,12,0,76
777,4.911455100,47:ee:6f:13:89:a8,TestPhone2,-57,8,0,76
778,4.920559600,0a:bf:e2:3f:db:8f,,-66,,2,6
779,4.924758700,61:21:c4:f7:2c:a9,TestPhone1,-54,8,0,76
780,4.937120600,24:93:90:41:50:c0,,-70,,2,6
781,4.941480100,68:cc:0d:e0:7b:be,TestPhone3,-45,8,0,76
782,4.946453800,47:ee:6f:13:89:a8,TestPhone2,-56,8,0,76
783,4.954758600,61:21:c4:f7:2c:a9,TestPhone1,-54,8,0,76
784,4.963372100,0b:e9:ad:c4:61:0d,,-77,,2,6
785,4.971344600,72:b8:f4:df:ca:07,TestPhone4,-45,8,0,76
786,4.983337700,0b:fa:61:e5:74:0c,,-62,,2,6
787,4.984145700,46:77:21:38:0a:18,,-80,,1,
788,4.993508400,61:21:c4:f7:2c:a9,TestPhone1,-54,8,0,76
789,5.002638000,31:db:62:df:06:a8,,-70,,2,6
790,5.010094100,72:b8:f4:df:ca:07,TestPhone4,-45,8,0,76
791,5.018953300,47:ee:6f:13:89:a8,TestPhone2,-57,8,0,76
792,5.043370000,24:93:90:41:50:c0,,-70,,2,6
793,5.045094600,72:b8:f4:df:ca:07,TestPhone4,-44,8,0,76
794,5.053980600,68:cc:0d:e0:7b:be,TestPhone3,-46,8,0,76
795,5.057395300,21:d5:79:0b:d0:12,,-60,,2,6
796,5.068284700,21:d4:6d:da:f9:c2,,-77,,2,6
797,5.071561500,c8:d0:83:cb:11:9e,,-75,12,0,76
798,5.072747500,0b:e9:ad:c4:61:0d,,-75,,2,6
799,5.076112200,17:71:6e:7d:f9:7e,,-81,,2,
800,5.085615300,72:b8:f4:df:ca:07,,-78,,3,
801,5.085941600,72:b8:f4:df:ca:07,,-44,,4,
802,5.107637900,31:db:62:df:06:a8,,-70,,2,6
803,5.122598400,72:b8:f4:df:ca:07,TestPhone4,-43,8,0,76
804,5.127434800,0a:bf:e2:3f:db:8f,,-67,,2,6
805,5.128980700,68:cc:0d:e0:7b:be,TestPhone3,-46,8,0,76
806,5.143507900,61:21:c4:f7:2c:a9,TestPhone1,-54,8,0,76
807,5.152745600,24:93:90:41:50:c0,,-72,,2,6
808,5.156730900,,,-90,,0,
809,5.161454100,47:ee:6f:13:89:a8,TestPhone2,-58,8,0,76
810,5.164066300,64:16:7f:b8:7c:cc,,-54,,0,76
811,5.168832500,54:f1:84:69:2e:94,,-45,,0,21100
812,5.173372700,0b:e9:ad:c4:61:0d,,-77,,2,6
813,5.180007100,62:5e:37:51:ef:21,,-47,12,0,76
814,5.192714400,0b:fa:61:e5:74:0c,,-60,,2,6
815,5.197599100,72:b8:f4:df:ca:07,TestPhone4,-43,8,0,76
816,5.209757500,61:21:c4:f7:2c:a9,TestPhone1,-55,8,0,76
817,5.215138000,31:db:62:df:06:a8,,-70,,2,6
818,5.220304400,09:42:39:91:98:5f,,-76,,2,76
819,5.226453900,47:ee:6f:13:89:a8,TestPhone2,-57,8,0,76
820,5.229855900,c8:d0:83:be:6a:03,,-80,12,0,76
821,5.240232000,68:cc:0d:e0:7b:be,TestPhone3,-48,8,0,76
822,5.244757500,61:21:c4:f7:2c:a9,TestPhone1,-56,8,0,76
823,5.252806600,c8:d0:83:cb:11:9e,,-73,12,0,76
824,5.261495800,24:93:90:41:50:c0,,-72,,2,6
825,5.276409300,21:d4:6d:da:f9:c2,,-75,,2,6
826,5.277731500,68:cc:0d:e0:7b:be,TestPhone3,-48,8,0,76
827,5.282748400,0b:e9:ad:c4:61:0d,,-76,,2,6
828,5.290203200,47:ee:6f:13:89:a8,TestPhone2,-55,8,0,76
829,5.299589400,0b:fa:61:e5:74:0c,,-62,,2,6
830,5.304757700,61:21:c4:f7:2c:a9,TestPhone1,-57,8,0,76
831,5.320762600,31:db:62:df:06:a8,,-70,,2,6
832,5.335100700,72:b8:f4:df:ca:07,TestPhone4,-44,8,0,76
833,5.335915700,64:16:7f:b9:bd:39,,-83,,0,844
834,5.339336200,42:75:35:d2:60:aa,,-84,,0,76
835,5.351334500,54:f1:84:69:2e:94,,-47,,0,41686
836,5.365246300,24:93:90:41:50:c0,,-72,,2,6
837,5.370516900,21:d5:79:0b:d0:12,,-75,,2,6
838,5.373851000,72:b8:f4:df:ca:07,TestPhone4,-43,8,0,76
839,5.404048900,09:42:39:91:98:5f,,-75,,2,76
840,5.405101600,72:b8:f4:df:ca:07,TestPhone4,-43,8,0,76
841,5.411100000,08:d0:83:be:6a:03,,-81,12,0,76
842,5.416480000,68:cc:0d:e0:7b:be,TestPhone3,-45,8,0,76
843,5.425762700,31:db:62:df:06:a8,,-70,,2,6
844,5.434048800,c8:d0:83:cb:11:9e,,-75,12,0,76
845,5.437258000,61:21:c4:f7:2c:a9,TestPhone1,-57,8,0,76
846,5.438602500,17:71:6e:7d:f9:7f,,-79,,2,
847,5.443852900,72:b8:f4:df:ca:07,TestPhone4,-43,8,0,76
848,5.444933500,0a:bf:e2:3f:db:8f,,-66,,2,6
849,5.450013400,62:5e:37:51:ef:21,,-48,12,0,76
850,5.467961100,63:00:ef:e3:f7:ea,,-87,,2,
851,5.468951500,47:ee:6f:13:89:a8,TestPhone2,-55,8,0,76
852,5.474758500,61:21:c4:f7:2c:a9,TestPhone1,-57,8,0,76
853,5.483981500,68:cc:0d:e0:7b:be,TestPhone3,-48,8,0,76
854,5.495158500,21:d4:6d:da:f9:c2,,-75,,2,6
855,5.498951900,47:ee:6f:13:89:a8,TestPhone2,-59,8,0,76
856,5.511008300,61:21:c4:f7:2c:a9,TestPhone1,-57,8,0,76
857,5.517714600,0b:fa:61:e5:74:0c,,-60,,2,6
858,5.523981900,68:cc:0d:e0:7b:be,TestPhone3,-45,8,0,76
859,5.527637300,31:db:62:df:06:a8,,-71,,2,6
860,5.535086000,54:f1:84:69:2e:94,,-79,,0,76
861,5.540593600,64:16:7f:b8:71:ef,,-30,,0,76
862,5.548507600,61:21:c4:f7:2c:a9,TestPhone1,-57,8,0,76
863,5.565201800,47:ee:6f:13:89:a8,TestPhone2,-58,8,0,76
864,5.571497000,24:93:90:41:50:c0,,-72,,2,6
865,5.572604900,72:b8:f4:df:ca:07,TestPhone4,-41,8,0,76
866,5.585515100,21:d5:79:0b:d0:12,,-76,,2,6
867,5.586551000,09:42:39:91:98:5f,,-75,,2,76
868,5.592124100,0b:e9:ad:c4:61:0d,,-77,,2,6
869,5.601451700,47:ee:6f:13:89:a8,TestPhone2,-58,8,0,76
870,5.610106300,72:b8:f4:df:ca:07,TestPhone4,-41,8,0,76
871,5.615300900,c8:d0:83:cb:11:9e,,-75,12,0,76
872,5.630137000,31:db:62:df:06:a8,,-71,,2,6
873,5.640201700,47:ee:6f:13:89:a8,TestPhone2,-58,8,0,76
874,5.646007000,61:21:c4:f7:2c:a9,TestPhone1,-62,8,0,76
875,5.647607200,72:b8:f4:df:ca:07,TestPhone4,-41,8,0,76
876,5.663982900,68:cc:0d:e0:7b:be,TestPhone3,-45,8,0,76
877,5.670201300,47:ee:6f:13:89:a8,TestPhone2,-59,8,0,76
878,5.674621500,24:93:90:41:50:c0,,-72,,2,6
879,5.685107000,72:b8:f4:df:ca:07,TestPhone4,-41,8,0,76
880,5.688015000,21:d5:79:0b:d0:12,,-74,,2,6
881,5.693999300,0b:e9:ad:c4:61:0d,,-77,,2,6
882,5.697733900,68:cc:0d:e0:7b:be,TestPhone3,-48,8,0,76
883,5.711407700,21:d4:6d:da:f9:c2,,-75,,2,6
884,5.717587900,54:f1:84:69:2e:94,,-79,,0,76
885,5.722519300,66:cc:b7:51:ef:21,,-38,,0,
886,5.729590300,0b:fa:61:e5:74:0c,,-62,,2,6
887,5.756182900,0a:bf:e2:3f:db:8f,,-40,,2,6
888,5.759757200,61:21:c4:f7:2c:a9,TestPhone1,-63,8,0,76
889,5.775233400,68:cc:0d:e0:7b:be,TestPhone3,-46,8,0,76
890,5.777122100,24:93:90:41:50:c0,,-72,,2,6
891,5.781083500,33:00:26:a7:f7:ae,,-62,,2,33606
892,5.787608700,72:b8:f4:df:ca:07,TestPhone4,-41,8,0,76
893,5.789263900,21:d5:79:0b:d0:12,,-76,,2,6
894,5.789757300,61:21:c4:f7:2c:a9,TestPhone1,-63,8,0,76
895,5.796546300,c8:d0:83:cb:11:9e,,-75,12,0,76
896,5.802894300,46:77:21:3c:0a:18,,-83,12,0,76
897,5.815157400,21:d4:6d:da:f9:c2,,-75,,2,6
898,5.821449900,47:ee:6f:13:89:a8,TestPhone2,-57,8,0,76
899,5.827608500,72:b8:f4:df:ca:07,TestPhone4,-41,8,0,76
900,5.836466200,0b:fa:61:e5:74:0c,,-62,,2,6
901,5.845234100,68:cc:0d:e0:7b:be,TestPhone3,-46,8,0,76
902,5.854757300,61:21:c4:f7:2c:a9,TestPhone1,-63,8,0,76
903,5.856451100,47:ee:6f:13:89:a8,TestPhone2,-56,8,0,76
904,5.861018600,,,-88,,10,
905,5.879622900,24:93:90:41:50:c0,,-71,,2,6
906,5.881484100,68:cc:0d:e0:7b:be,TestPhone3,-46,8,0,76
907,5.889757600,61:21:c4:f7:2c:a9,TestPhone1,-63,8,0,76
908,5.893950000,47:ee:6f:13:89:a8,TestPhone2,-55,8,0,76
909,5.900089700,54:f1:84:69:2e:94,,-78,,0,76
910,5.919757300,61:21:c4:f7:2c:a9,TestPhone1,-62,8,0,76
911,5.922657100,21:d4:6d:da:f9:c2,,-75,,2,6
912,5.923950900,47:ee:6f:13:89:a8,TestPhone2,-56,8,0,76
913,5.930112500,72:b8:f4:df:ca:07,TestPhone4,-41,8,0,76
914,5.937090800,0b:fa:61:e5:74:0c,,-62,,2,6
915,5.952787600,09:42:39:91:98:5f,,-76,,2,76
916,5.953507100,61:21:c4:f7:2c:a9,TestPhone1,-62,8,0,76
917,5.961363200,72:b8:f4:df:ca:07,TestPhone4,-41,8,0,76
918,5.966094000,c8:d0:83:be:6a:03,,-78,,0,76
919,5.977787900,c8:d0:83:cb:11:9e,,-76,12,0,76
920,5.988597300,17:71:6e:7d:f9:7e,,-81,,2,76
921,5.988998000,24:93:90:41:50:c0,,-71,,2,6
922,5.996271600,5a:c2:37:51:ef:21,,-38,,0,
923,6.002750500,0b:e9:ad:c4:61:0d,,-75,,2,6
924,6.025156600,21:d4:6d:da:f9:c2,,-75,,2,6
925,6.026483400,68:cc:0d:e0:7b:be,TestPhone3,-46,8,0,76
926,6.030635400,72:b8:f4:df:ca:07,,-83,,3,
927,6.032256000,61:21:c4:f7:2c:a9,TestPhone1,-60,8,0,76
928,6.045841300,0b:fa:61:e5:74:0c,,-63,,2,6
929,6.063056500,0a:bf:e2:3f:db:8f,,-66,,2,6
930,6.063505900,61:21:c4:f7:2c:a9,TestPhone1,-59,8,0,76
931,6.063983800,68:cc:0d:e0:7b:be,TestPhone3,-46,8,0,76
932,6.070117000,72:b8:f4:df:ca:07,TestPhone4,-39,8,0,76
933,6.077893800,46:77:21:38:0a:78,,-83,12,2,76
934,6.092122900,24:93:90:41:50:c0,,-72,,2,6
935,6.099757400,61:21:c4:f7:2c:a9,TestPhone1,-59,8,0,76
936,6.101450000,47:ee:6f:13:89:a8,TestPhone2,-57,8,0,76
937,6.130156400,21:d4:6d:da:f9:c2,,-77,,2,6
938,6.133950900,47:ee:6f:13:89:a8,TestPhone2,-55,8,0,76
939,6.135233700,68:cc:0d:e0:7b:be,TestPhone3,-49,8,0,76
940,6.139755900,61:21:c4:f7:2c:a9,TestPhone1,-59,8,0,76
941,6.146387600,31:db:62:df:06:a8,,-70,,2,6
942,6.147616600,72:b8:f4:df:ca:07,TestPhone4,-40,8,0,76
943,6.153966000,0b:fa:61:e5:74:0c,,-62,,2,6
944,6.166449900,47:ee:6f:13:89:a8,TestPhone2,-57,8,0,76
945,6.169836300,17:71:6e:7d:f9:7e,,-81,,2,76
946,6.177256700,61:21:c4:f7:2c:a9,TestPhone1,-59,8,0,76
947,6.196451200,47:ee:6f:13:89:a8,TestPhone2,-58,8,0,76
948,6.200232900,68:cc:0d:e0:7b:be,TestPhone3,-49,8,0,76
949,6.206500800,0b:e9:ad:c4:61:0d,,-75,,2,6
950,6.208010900,21:d5:79:0b:d0:12,,-77,,2,6
951,6.218869000,72:b8:f4:df:ca:07,TestPhone4,-40,8,0,76
952,6.231450300,47:ee:6f:13:89:a8,TestPhofe2,-66,8,2,76
953,6.233984100,68:cc:0d:e0:7b:be,TestPhone3,-49,8,0,76
954,6.238906000,21:d4:6d:da:f9:c2,,-75,,2,6
955,6.249512300,31:db:62:df:06:a8,,-70,,2,6
956,6.251005300,61:21:c4:f7:2c:a9,TestPhone1,-57,8,0,76
957,6.260217100,0b:fa:61:e5:74:0c,,-62,,2,6
958,6.263843100,54:f1:84:69:2e:94,,-77,,0,76
959,6.271449000,47:ee:6f:13:89:a8,TestPhone2,-59,8,0,76
960,6.288503600,61:21:c4:f7:2c:a9,TestPhone1,-61,8,0,76
961,6.290121000,72:b8:f4:df:ca:07,TestPhone4,-43,8,0,76
962,6.305873900,24:93:90:41:50:c0,,-71,,2,6
963,6.307698300,47:ee:6f:13:89:a8,TestPhone2,-56,8,0,76
964,6.310232500,68:cc:0d:e0:7b:be,TestPhone3,-49,8,0,76
965,6.316523400,09:42:39:91:98:5f,,-76,,2,76
966,6.326372900,72:b8:f4:df:ca:07,TestPhone4,-48,8,0,76
967,6.332328100,c8:d0:83:be:6a:03,,-81,12,0,76
968,6.344024700,c8:d0:83:cb:11:9e,,-76,12,0,76
969,6.346405900,21:d4:6d:da:f9:c2,,-75,,2,6
970,6.354831600,13:71:6e:7d:f9:7e,,-81,,2,76
971,6.366467600,0b:fa:61:e5:74:0c,,-62,,2,6
972,6.372698800,47:ee:6f:13:89:a8,TestPhone2,-56,8,0,76
973,6.381483800,68:cc:0d:e0:7b:be,TestPhone3,-49,8,0,76
974,6.387255400,61:21:c4:f7:2c:a9,TestPhone1,-61,8,0,76
975,6.405198600,47:ee:6f:13:89:a8,TestPhone2,-57,8,0,76
976,6.411499300,24:93:90:41:50:c0,,-71,,2,6
977,6.414261700,21:d5:79:0b:d0:12,,-77,,2,6
978,6.417751600,0b:e9:ad:c4:61:0d,,-77,,2,6
979,6.424754400,61:21:c4:f7:2c:a9,TestPhone1,-52,8,0,76
980,6.433082600,52:7c:35:d2:60:ea,,-86,,2,
981,6.438948500,47:ee:6f:13:89:a8,TestPhone2,-56,8,0,76
982,6.451345200,54:f1:84:69:2e:94,,-54,,0,76
983,6.457012500,31:db:62:df:06:a8,,-57,,2,6
984,6.463875500,72:b8:f4:df:ca:07,TestPhone4,-51,8,0,76
985,6.472699000,47:ee:6f:13:89:a8,TestPhone2,-55,8,0,76
986,6.483682300,0a:bf:e2:3f:db:8f,,-67,,2,6
987,6.488504400,61:21:c4:f7:2c:a9,TestPhone1,-60,8,0,76
988,6.492732900,68:cc:0d:e0:7b:be,TestPhone3,-49,8,0,76
989,6.501524900,09:42:39:91:98:5f,,-76,,2,76
990,6.518374400,24:93:90:41:50:c0,,-70,,2,6
991,6.519002100,0b:e9:ad:c4:61:0d,,-75,,2,6
992,6.526003600,61:21:c4:f7:2c:a9,TestPhone1,-59,8,0,76
993,6.531077000,68:cc:0d:e0:7b:be,,-46,,4,
994,6.542697600,47:ee:6f:13:89:a8,TestPhone2,-57,8,0,76
995,6.563503200,61:21:c4:f7:2c:a9,TestPhone1,-59,8,0,76
996,6.564021500,61:21:c4:f7:2c:a9,,-40,,3,
997,6.564348400,61:21:c4:f7:2c:a9,,-59,,4,
998,6.572697700,47:ee:6f:13:89:a8,TestPhone2,-57,8,0,76
999,6.582092400,0b:fa:61:e5:74:0c,,-62,,2,6
1000,6.584307100,0a:bf:e2:3f:db:8f,,-67,,2,6
1001,6.597253500,61:21:c4:f7:2c:a9,TestPhone1,-59,8,0,76
1002,6.602733000,68:cc:0d:e0:7b:be,TestPhone3,-49,8,0,76
1003,6.620874800,24:93:90:41:50:c0,,-71,,2,6
1004,6.623636100,21:d5:79:0b:d0:12,,-78,,2,6
1005,6.624627100,0b:e9:ad:c4:61:0d,,-73,,2,6
1006,6.632596700,54:f1:84:69:2e:94,,-77,,0,76
1007,6.638879700,72:b8:f4:df:ca:07,TestPhone4,-50,8,0,76
1008,6.659512700,31:db:62:df:06:a8,,-70,,2,6
1009,6.663280200,21:d4:6d:da:f9:c2,,-76,,2,6
1010,6.666482100,68:cc:0d:e0:7b:be,TestPhone3,-49,8,0,76
1011,6.667000500,68:cc:0d:e0:7b:be,,-39,,3,
1012,6.673947300,47:ee:6f:13:89:a8,TestPhone2,-56,8,0,76
1013,6.682769700,09:42:39:91:98:5f,,-76,,2,76
1014,6.690217500,0b:fa:61:e5:74:0c,,-62,,2,6
1015,6.697328100,c8:90:83:be:6a:03,,-81,12,0,76
1016,6.710273000,c8:d0:83:cb:11:9e,,-75,12,0,76
1017,6.711446900,47:ee:6f:13:89:a8,TestPhone2,-56,8,0,76
1018,6.721078400,57:71:6e:fd:f9:7f,,-79,,2,76
1019,6.730250100,24:93:90:41:50:c0,,-71,,2,6
1020,6.736002500,61:21:c4:f7:2c:a9,TestPhone1,-60,8,0,76
1021,6.742630600,72:b9:f4:df:ca:07,,-45,,0,
1022,6.762637100,31:db:62:df:06:a8,,-70,,2,6
1023,6.778981200,68:cc:0d:e0:7b:be,TestPhone3,-49,8,0,76
1024,6.779826500,68:cc:0d:e0:7b:be,,-49,,4,
1025,6.781444700,47:ee:6f:13:89:a8,TestPhone2,-55,8,0,76
1026,6.781962700,47:ee:6f:13:89:a8,,-39,,3,
1027,6.792718400,0b:fa:61:e5:74:0c,,-60,,2,6
1028,6.796181400,0a:bf:e2:3f:db:8f,,-67,,2,6
1029,6.806002800,61:21:c4:f7:2c:a9,TestPhone1,-59,8,0,76
1030,6.812042600,62:5e:37:51:ef:21,,-50,,4,
1031,6.821836200,64:16:7f:b8:71:ef,,-30,,0,76
1032,6.829885000,21:d5:79:0b:d0:12,,-77,,2,6
1033,6.834627700,0b:e9:ad:c4:61:0d,,-75,,2,6
1034,6.838375200,24:93:90:41:50:c0,,-71,,2,6
1035,6.847631900,72:b8:f4:df:ca:07,TestPhone4,-49,8,0,76
1036,6.866519200,09:42:39:91:98:5f,,-76,,2,76
1037,6.868887400,31:db:62:df:06:a8,,-70,,2,6
1038,6.873500300,61:21:c4:f7:2c:a9,TestPhone1,-58,8,0,76
1039,6.876481200,68:cc:0d:e0:7b:be,TestPhone3,-48,8,0,76
1040,6.887632400,72:b8:f4:df:ca:07,TestPhone4,-49,8,0,76
1041,6.892764600,c8:d0:83:cb:11:9e,,-75,12,0,76
1042,6.899593900,0b:fa:61:e5:74:0c,,-60,,2,6
1043,6.906073600,17:71:6e:7d:f9:7e,,-80,,2,76
1044,6.920134000,72:b8:f4:df:ca:07,TestPhone4,-50,8,0,76
1045,6.936503500,0b:e9:ad:c4:61:0d,,-72,,2,6
1046,6.942125300,24:93:90:41:50:c0,,-71,,2,6
1047,6.961443800,47:ee:6f:13:89:a8,TestPhone2,-54,8,0,76
1048,6.961961600,47:ee:6f:13:89:a8,,-39,,3,
1049,6.973082300,52:74:b5:d2:61:6a,,-85,,0,76
1050,6.980999600,61:21:c4:f7:2c:a9,TestPhone1,-57,8,0,76
1051,6.985153600,21:d4:6d:da:f9:c2,,-76,,2,6
1052,6.997016000,90:d1:5f:e8:64:49,,-37,,3,
1053,6.998538000,47:ee:6f:13:89:a8,,-54,,4,
1054,6.999306500,0a:bf:e2:3f:db:8f,,-67,,2,6
1055,7.000100400,54:f1:84:69:2e:94,,-75,,0,76
1056,7.007094300,0b:fa:61:e5:74:0c,,-60,,2,6
1057,7.017250300,61:21:c4:f7:2c:a9,TestPhone1,-57,8,0,76
1058,7.027694000,47:ee:6f:13:89:a8,TestPhone2,-54,8,0,76
1059,7.030135400,72:b8:f4:df:ca:07,TestPhone4,-50,8,0,76
1060,7.040253500,0b:e9:ad:c4:61:0d,,-73,,2,6
1061,7.044000300,24:93:90:41:50:c0,,-71,,2,6
1062,7.053498800,61:21:c4:f7:2c:a9,TestPhone1,-57,8,0,76
1063,7.062314300,c8:d0:83:be:6a:03,,-81,12,0,76
1064,7.066385900,72:b8:f4:df:ca:07,TestPhone4,-50,8,0,76
1065,7.075137900,31:db:62:df:06:a8,,-70,,2,6
1066,7.083796100,62:5e:37:51:ef:21,,-50,12,0,76
1067,7.087653500,6f:0d:59:3a:f9:c2,,-47,,2,
1068,7.097636400,72:b8:f4:df:ca:07,TestPhone4,-50,8,0,76
1069,7.102694400,47:ee:6f:13:89:a8,TestPhone2,-55,8,0,76
1070,7.114595500,0b:fa:61:e5:74:0c,,-62,,2,6
1071,7.120998300,61:21:c4:f7:2c:a9,TestPhone1,-60,8,0,76
1072,7.131906100,72:b8:f4:df:ca:07,,-39,,3,
1073,7.141503600,0b:e9:ad:c4:61:0d,,-75,,2,6
1074,7.142694300,47:ee:6f:13:89:a8,TestPhone2,-55,8,0,76
1075,7.153499200,61:21:c4:f7:2c:a9,TestPhone1,-62,8,0,76
1076,7.157733100,68:cc:0d:e0:7b:be,TestPhone3,-46,8,0,76
1077,7.166641400,46:77:21:38:0a:18,,-77,12,0,76
1078,7.170138700,72:b8:f4:df:ca:07,TestPhone4,-46,8,0,76
1079,7.180193500,47:ee:6f:13:89:a8,TestPhone2,-55,8,0,76
1080,7.186515700,61:21:c4:f7:2c:a9,,-39,,3,
1081,7.197734000,68:cc:0d:e0:7b:be,TestPhone3,-45,8,0,76
1082,7.202639200,72:b8:f4:df:ca:07,TestPhone4,-46,8,0,76
1083,7.209930900,0a:bf:e2:3f:db:8f,,-67,,2,6
1084,7.222720500,0b:fa:61:e5:74:0c,,-62,,2,6
1085,7.229007400,09:42:39:91:98:5f,,-76,,2,76
1086,7.238890600,72:b8:f4:df:ca:07,TestPhone4,-46,8,0,76
1087,7.243563700,c8:d0:83:be:6a:03,,-79,12,0,79
1088,7.250254100,0b:e9:ad:c4:61:0d,,-75,,2,6
1089,7.257760600,c8:d0:83:cb:11:9e,,-74,12,0,76
1090,7.271483100,68:cc:0d:e0:7b:be,TestPhone3,-45,8,0,76
1091,7.272001200,68:cc:0d:e0:7b:be,,-39,,3,
1092,7.278942900,47:ee:6f:13:89:a8,TestPhone2,-57,8,0,76
1093,7.286515700,61:21:c4:f7:2c:a9,,-39,,3,
1094,7.301403100,21:d4:6d:da:f9:c2,,-75,,2,6
1095,7.316443700,47:ee:6f:13:89:a8,TestPhone2,-57,8,0,76
1096,7.316961600,47:ee:6f:13:89:a8,,-39,,3,
1097,7.323971400,0b:fa:61:e5:74:0c,,-62,,2,6
1098,7.341391400,72:b8:f4:df:ca:07,TestPhone4,-49,8,0,76
1099,7.341909700,72:b8:f4:df:ca:07,,-40,,3,
1100,7.342236500,72:b8:f4:df:ca:07,,-49,,4,
1101,7.350251200,24:93:90:41:50:c0,,-70,,2,6
1102,7.360998700,61:21:c4:f7:2c:a9,TestPhone1,-61,8,0,76
1103,7.366354000,54:f1:84:69:2e:94,,-78,,0,76
1104,7.374409700,72:b8:f4:df:ca:07,,-40,,3,
1105,7.383250900,68:cc:0d:e0:7b:be,,-39,,3,
1106,7.388941900,47:ee:6f:13:89:a8,TestPhone2,-56,8,0,76
